iPad,iPads (all),iOS,88000000,user_device
iPhone,iPhones (all),iOS,620000000,user_device
iPod,iPods (all),iOS,1500000,user_device
ipad,Apple iPad,iOS,3300000,user_device
ipad 1,Apple iPad 1,iOS,24000,user_device
ipad 2,Apple iPad 2,iOS,2200000,user_device
ipad 3rd gen,Apple iPad 3rd gen,iOS,1800000,user_device
ipad 4th gen,Apple iPad 4th gen,iOS,4400000,user_device
ipad 5th gen,Apple iPad 5th Gen,iOS,25000000,user_device
ipad 6th gen,Apple iPad 6th Gen,iOS,13000000,user_device
ipad 7th gen,Apple iPad 7th Gen,iOS,9600000,user_device
ipad air,Apple iPad Air,iOS,7900000,user_device
ipad air 2,Apple iPad Air 2,iOS,11000000,user_device
ipad air 3rd gen (wi-fi only),Apple iPad Air 3rd Gen (Wi-Fi Only),iOS,2600000,user_device
ipad mini,Apple iPad mini,iOS,2800000,user_device
ipad mini 2,Apple iPad mini 2,iOS,5300000,user_device
ipad mini 3,Apple iPad mini 3,iOS,960000,user_device
ipad mini 4,Apple iPad mini 4,iOS,3900000,user_device
ipad pro,Apple iPad Pro,iOS,4200000,user_device
ipad pro 11,Apple iPad Pro 11,iOS,2800000,user_device
ipad pro 2nd gen,Apple iPad Pro 2nd Gen,iOS,5900000,user_device
ipad pro 3rd gen,Apple iPad Pro 3rd Gen,iOS,1600000,user_device
iphone,Apple iPhone,iOS,15000000,user_device
iphone 11,Apple iPhone 11,iOS,79000000,user_device
iphone 11 pro,Apple iPhone 11 Pro,iOS,25000000,user_device
iphone 11 pro max,Apple iPhone 11 Pro Max,iOS,33000000,user_device
iphone 3gs,Apple iPhone 3GS,iOS,5100,user_device
iphone 4,Apple iPhone 4,iOS,380000,user_device
iphone 4s,Apple iPhone 4s,iOS,1200000,user_device
iphone 5,Apple iPhone 5,iOS,4100000,user_device
iphone 5c,Apple iPhone 5c,iOS,1400000,user_device
iphone 5s,Apple iPhone 5s,iOS,16000000,user_device
iphone 6,Apple iPhone 6,iOS,49000000,user_device
iphone 6 plus,Apple iPhone 6 Plus,iOS,14000000,user_device
iphone 6s,Apple iPhone 6s,iOS,57000000,user_device
iphone 6s plus,Apple iPhone 6s Plus,iOS,24000000,user_device
iphone 7,Apple iPhone 7,iOS,78000000,user_device
iphone 7 plus,Apple iPhone 7 Plus,iOS,52000000,user_device
iphone 8,Apple iPhone 8,iOS,84000000,user_device
iphone 8 plus,Apple iPhone 8 Plus,iOS,57000000,user_device
iphone se,Apple iPhone SE,iOS,24000000,user_device
iphone se 2020,Apple iPhone SE 2020,iOS,17000000,user_device
iphone x,Apple iPhone X,iOS,61000000,user_device
iphone xr,Apple iPhone XR,iOS,67000000,user_device
iphone xs,Apple iPhone XS,iOS,28000000,user_device
iphone xs max,Apple iPhone XS Max,iOS,54000000,user_device
ipod,Apple iPod,iOS,24000,user_device
ipod touch 1st generation,Apple iPod Touch 1st Generation,iOS,1000,user_device
ipod touch 2nd generation,Apple iPod Touch 2nd Generation,iOS,1000,user_device
ipod touch 3rd generation,Apple iPod Touch 3rd Generation,iOS,1000,user_device
ipod touch 4th generation,Apple iPod Touch 4th Generation,iOS,17000,user_device
ipod touch 5th generation,Apple iPod Touch 5th Generation,iOS,160000,user_device
ipod touch 6th generation,Apple iPod Touch 6th Generation,iOS,920000,user_device
530,Philips 530,Windows,1000,user_device
lumia 520,Nokia Lumia 520,Windows,1000,user_device
lumia 535,Microsoft Lumia 535,Windows,1000,user_device
lumia 630,Nokia Lumia 630,Windows,1000,user_device
lumia 635,Nokia Lumia 635,Windows,1000,user_device
lumia 640 lte,Nokia Lumia 640 LTE,Windows,1000,user_device
lumia 920,Nokia Lumia 920,Windows,1000,user_device
lumia 950,Microsoft Lumia 950,Windows,1000,user_device
microsoft,Microsoft Devices,Windows,15000,user_device
nokia,Nokia Devices,Windows,23000000,user_device
philips,Philips Devices,Windows,180000,user_device
Android_Smartphone,Android Smartphones (all),Android,2100000000,user_device
Android_Tablet,Android Tablets (all),Android,76000000,user_device
1,Alcatel 1,Android,3900000,user_device
10,Htc 10,Android,150000,user_device
1201,Oppo 1201,Android,1000,user_device
1603,Vivo 1603,Android,1000,user_device
2,Nokia 2,Android,4200000,user_device
2.1,Nokia 2.1,Android,1300000,user_device
2.2,Nokia 2.2,Android,1100000,user_device
3,Nokia 3,Android,8300000,user_device
3.1,Nokia 3.1,Android,870000,user_device
3.1 plus,Nokia 3.1 Plus,Android,1100000,user_device
5,Nokia 5,Android,9000000,user_device
5.1 plus,Nokia 5.1 Plus,Android,1200000,user_device
5060,Advan 5060,Android,450000,user_device
5t,Oneplus 5T,Android,1100000,user_device
6,Oneplus 6,Android,6300000,user_device
6.1,Nokia 6.1,Android,930000,user_device
6.1 plus,Nokia 6.1 Plus,Android,1200000,user_device
6t,Oneplus 6T,Android,2000000,user_device
7,Oneplus 7,Android,1400000,user_device
7 pro,Oneplus 7 Pro,Android,1400000,user_device
7t,Oneplus 7T,Android,1400000,user_device
8a dual,Xiaomi 8A Dual,Android,5100000,user_device
8a pro,Huawei 8A Pro,Android,860000,user_device
a1000,Lenovo A1000,Android,790000,user_device
a11,Itel A11,Android,470000,user_device
a12,Oppo A12,Android,12000000,user_device
a14,Itel A14,Android,1300000,user_device
a16,Itel A16,Android,790000,user_device
a16 plus,Itel A16 Plus,Android,1700000,user_device
a1k,Oppo A1k,Android,15000000,user_device
a20,Samsung A20,Android,3900000,user_device
a2010,Lenovo A2010,Android,520000,user_device
a31,Oppo A31,Android,9300000,user_device
a32f,Itel A32F,Android,840000,user_device
a33,Itel A33,Android,2500000,user_device
a369i,Lenovo A369i,Android,110000,user_device
a37,Oppo A37,Android,23000000,user_device
a39,Oppo A39,Android,1400000,user_device
a3s,Oppo A3s,Android,34000000,user_device
a5,Oppo A5,Android,2800000,user_device
a5 (2020),Oppo A5 (2020),Android,14000000,user_device
a5000,Lenovo A5000,Android,210000,user_device
a52,Oppo A52,Android,1800000,user_device
a53,Oppo A53,Android,3400000,user_device
a536,Lenovo A536,Android,240000,user_device
a57,Oppo A57,Android,5200000,user_device
a59,Oppo A59,Android,3300,user_device
a5s,Oppo A5s,Android,35000000,user_device
a6000,Lenovo A6000,Android,530000,user_device
a6010,Lenovo A6010,Android,180000,user_device
a6600,Lenovo A6600,Android,290000,user_device
a7,Oppo A7,Android,5700000,user_device
a7000,Lenovo A7000,Android,410000,user_device
a71,Oppo A71,Android,2600000,user_device
a71 (2018),Oppo A71 (2018),Android,6600000,user_device
a83,Oppo A83,Android,7000000,user_device
a9 (2020),Oppo A9 (2020),Android,7600000,user_device
a92,Oppo A92,Android,2200000,user_device
advan,Advan Devices,Android,3500000,user_device
alcatel,Alcatel Devices,Android,17000000,user_device
allure a8,Condor Allure A8,Android,530000,user_device
amazon,Amazon Devices,Android,4800000,user_device
andromax a,Smartfren Andromax A,Android,300000,user_device
andromax es,Smartfren Andromax Es,Android,7100,user_device
aquos crystal,Sharp Aquos Crystal,Android,42000,user_device
aquos crystal x,Sharp Aquos Crystal X,Android,28000,user_device
aquos ever,Sharp Aquos Ever,Android,85000,user_device
aquos phone serie shl22,Sharp Aquos Phone Serie SHL22,Android,6700,user_device
aquos phone serie shl23,Sharp Aquos Phone Serie SHL23,Android,9900,user_device
aquos phone xx mini,Sharp Aquos Phone Xx mini,Android,27000,user_device
aquos phone zeta sh-02e,Sharp Aquos Phone Zeta SH-02E,Android,1100,user_device
aquos xx,Sharp Aquos Xx,Android,45000,user_device
aristo,Lg Aristo,Android,680000,user_device
aristo 2,Lg Aristo 2,Android,5000000,user_device
aristo 3,Lg Aristo 3,Android,690000,user_device
ascend g610,Huawei Ascend G610,Android,59000,user_device
ascend g620s,Huawei Ascend G620S,Android,82000,user_device
ascend g7,Huawei Ascend G7,Android,340000,user_device
ascend g730,Huawei Ascend G730,Android,150000,user_device
ascend p7,Huawei Ascend P7,Android,210000,user_device
ascend y221,Huawei Ascend Y221,Android,410000,user_device
ascend y330,Huawei Ascend Y330,Android,340000,user_device
ascend y336,Huawei Ascend Y336,Android,630000,user_device
ascend y360,Huawei Ascend Y360,Android,310000,user_device
ascend y520,Huawei Ascend Y520,Android,180000,user_device
ascend y530,Huawei Ascend Y530,Android,230000,user_device
ascend y550,Huawei Ascend Y550,Android,87000,user_device
ascend y560,Huawei Ascend Y560,Android,410000,user_device
ascend y600,Huawei Ascend Y600,Android,66000,user_device
ascend y625,Huawei Ascend Y625,Android,350000,user_device
ascend y635,Huawei Ascend Y635,Android,530000,user_device
asus,Asus Devices,Android,22000000,user_device
ax7,Oppo AX7,Android,1400000,user_device
bharat 2 plus,Micromax Bharat 2 Plus,Android,590000,user_device
blackberry,Blackberry Devices,Android,650000,user_device
blade l130,Zte Blade L130,Android,730000,user_device
blade l2,Zte Blade L2,Android,34000,user_device
blade l5,Zte Blade L5,Android,120000,user_device
blade l8,Zte Blade L8,Android,1100000,user_device
blade v10 vita,Zte Blade V10 Vita,Android,1300000,user_device
blade z max,Zte Blade Z Max,Android,820000,user_device
c1,Nokia C1,Android,4800000,user_device
camon 12,Tecno Camon 12,Android,890000,user_device
camon 12 air,Tecno Camon 12 Air,Android,1300000,user_device
camon c11,Tecno Camon C11,Android,890000,user_device
camon c8,Tecno Camon C8,Android,370000,user_device
camon i,Tecno Camon I,Android,570000,user_device
condor,Condor Devices,Android,6900000,user_device
desire 510,Htc Desire 510,Android,62000,user_device
desire 526g,Htc Desire 526G,Android,160000,user_device
desire 530,Htc Desire 530,Android,310000,user_device
desire 620g,Htc Desire 620G,Android,120000,user_device
desire 626,Htc Desire 626,Android,170000,user_device
desire 626s,Htc Desire 626S,Android,230000,user_device
desire 728,Htc Desire 728,Android,240000,user_device
desire 816,Htc Desire 816,Android,120000,user_device
desire 820,Htc Desire 820,Android,110000,user_device
desire 820g+,Htc Desire 820G+,Android,280000,user_device
docomo,Docomo Devices,Android,380000,user_device
droid maxx,Motorola Droid Maxx,Android,170000,user_device
droid mini,Motorola Droid Mini,Android,43000,user_device
droid razr,Motorola Droid Razr,Android,13000,user_device
droid razr 4g,Motorola Droid Razr 4G,Android,1000,user_device
droid razr hd,Motorola Droid Razr HD,Android,6600,user_device
droid razr m,Motorola Droid Razr M,Android,1000,user_device
droid turbo,Motorola Droid Turbo,Android,260000,user_device
droid turbo 2,Motorola Droid Turbo 2,Android,210000,user_device
escape plus,Lg Escape Plus,Android,1000000,user_device
f1,Tecno F1,Android,7300000,user_device
f1 plus,Oppo F1 Plus,Android,610000,user_device
f103 pro,Gionee F103 Pro,Android,220000,user_device
f11,Oppo F11,Android,4200000,user_device
f11 pro,Oppo F11 Pro,Android,5200000,user_device
f15,Oppo F15,Android,2100000,user_device
f1s,Oppo F1s,Android,7800000,user_device
f3,Oppo F3,Android,3200000,user_device
f3 plus,Oppo F3 Plus,Android,650000,user_device
f5,Oppo F5,Android,4700000,user_device
f5 youth,Oppo F5 Youth,Android,2000000,user_device
f7,Oppo F7,Android,5300000,user_device
f9,Oppo F9,Android,8600000,user_device
fire,Amazon Fire,Android,390000,user_device
fire hd 10 (2017),Amazon Fire HD 10 (2017),Android,720000,user_device
fire hd 8 (2017),Amazon Fire HD 8 (2017),Android,510000,user_device
fire hd 8 (2018),Amazon Fire HD 8 (2018),Android,760000,user_device
fortune,Lg Fortune,Android,290000,user_device
g play mini,Huawei G Play Mini,Android,380000,user_device
g pro lite,Lg G Pro Lite,Android,71000,user_device
g stylo,Lg G Stylo,Android,250000,user_device
g2,Lg G2,Android,180000,user_device
g2 mini,Lg G2 Mini,Android,100000,user_device
g3,Lg G3,Android,400000,user_device
g3 a,Lg G3 A,Android,1700,user_device
g3 beat,Lg G3 Beat,Android,28000,user_device
g3 mini,Lg G3 Mini,Android,1000,user_device
g3 prime,Lg G3 Prime,Android,6400,user_device
g3 s,Lg G3 S,Android,120000,user_device
g3 stylus,Lg G3 Stylus,Android,650000,user_device
g3 vigor,Lg G3 Vigor,Android,13000,user_device
g4,Lg G4,Android,760000,user_device
g4 beat,Lg G4 Beat,Android,180000,user_device
g4 stylus,Lg G4 Stylus,Android,430000,user_device
g4c,Lg G4c,Android,150000,user_device
g5,Lg G5,Android,710000,user_device
g6,Lg G6,Android,1900000,user_device
g7 thinq,Lg G7 ThinQ,Android,1300000,user_device
g8,Huawei G8,Android,710000,user_device
galaxy a01,Samsung Galaxy A01,Android,9700000,user_device
galaxy a01 core,Samsung Galaxy A01 Core,Android,1700000,user_device
galaxy a10,Samsung Galaxy A10,Android,41000000,user_device
galaxy a10e,Samsung Galaxy A10e,Android,5100000,user_device
galaxy a10s,Samsung Galaxy A10s,Android,33000000,user_device
galaxy a11,Samsung Galaxy A11,Android,9300000,user_device
galaxy a2 core,Samsung Galaxy A2 Core,Android,11000000,user_device
galaxy a20,Samsung Galaxy A20,Android,24000000,user_device
galaxy a20e,Samsung Galaxy A20e,Android,6600000,user_device
galaxy a20s,Samsung Galaxy A20s,Android,21000000,user_device
galaxy a21,Samsung Galaxy A21,Android,770000,user_device
galaxy a21s,Samsung Galaxy A21s,Android,10000000,user_device
galaxy a3,Samsung Galaxy A3,Android,1600000,user_device
galaxy a3 (2016),Samsung Galaxy A3 (2016),Android,2800000,user_device
galaxy a3 (2017),Samsung Galaxy A3 (2017),Android,2600000,user_device
galaxy a30,Samsung Galaxy A30,Android,18000000,user_device
galaxy a30s,Samsung Galaxy A30s,Android,17000000,user_device
galaxy a31,Samsung Galaxy A31,Android,5900000,user_device
galaxy a40,Samsung Galaxy A40,Android,6700000,user_device
galaxy a41,Samsung Galaxy A41,Android,1300000,user_device
galaxy a5,Samsung Galaxy A5,Android,2800000,user_device
galaxy a5 (2016),Samsung Galaxy A5 (2016),Android,4100000,user_device
galaxy a5 (2017),Samsung Galaxy A5 (2017),Android,9000000,user_device
galaxy a50,Samsung Galaxy A50,Android,29000000,user_device
galaxy a50s,Samsung Galaxy A50s,Android,3800000,user_device
galaxy a51,Samsung Galaxy A51,Android,17000000,user_device
galaxy a6,Samsung Galaxy A6,Android,1400000,user_device
galaxy a6 (2018),Samsung Galaxy A6 (2018),Android,4500000,user_device
galaxy a6+,Samsung Galaxy A6+,Android,2700000,user_device
galaxy a6+ (2018),Samsung Galaxy A6+ (2018),Android,2800000,user_device
galaxy a7,Samsung Galaxy A7,Android,870000,user_device
galaxy a7 (2016),Samsung Galaxy A7 (2016),Android,1700000,user_device
galaxy a7 (2017),Samsung Galaxy A7 (2017),Android,2900000,user_device
galaxy a7 (2018),Samsung Galaxy A7 (2018),Android,13000000,user_device
galaxy a70,Samsung Galaxy A70,Android,11000000,user_device
galaxy a71,Samsung Galaxy A71,Android,8200000,user_device
galaxy a8,Samsung Galaxy A8,Android,470000,user_device
galaxy a8 (2018),Samsung Galaxy A8 (2018),Android,5200000,user_device
galaxy a8+ (2018),Samsung Galaxy A8+ (2018),Android,2000000,user_device
galaxy a80,Samsung Galaxy A80,Android,1400000,user_device
galaxy a9 (2018),Samsung Galaxy A9 (2018),Android,2800000,user_device
galaxy a9 pro (2016),Samsung Galaxy A9 Pro (2016),Android,600000,user_device
galaxy ace,Samsung Galaxy Ace,Android,330000,user_device
galaxy ace 2,Samsung Galaxy Ace 2,Android,130000,user_device
galaxy ace 3,Samsung Galaxy Ace 3,Android,360000,user_device
galaxy ace 4,Samsung Galaxy Ace 4,Android,110000,user_device
galaxy ace 4 duos,Samsung Galaxy Ace 4 Duos,Android,100000,user_device
galaxy ace 4 lite duos,Samsung Galaxy Ace 4 Lite Duos,Android,57000,user_device
galaxy ace 4 neo,Samsung Galaxy Ace 4 Neo,Android,210000,user_device
galaxy ace duos,Samsung Galaxy Ace Duos,Android,27000,user_device
galaxy ace nxt,Samsung Galaxy Ace NXT,Android,100000,user_device
galaxy ace plus,Samsung Galaxy Ace Plus,Android,49000,user_device
galaxy ace style,Samsung Galaxy Ace Style,Android,330000,user_device
galaxy alpha,Samsung Galaxy Alpha,Android,240000,user_device
galaxy avant,Samsung Galaxy Avant,Android,140000,user_device
galaxy c7 pro,Samsung Galaxy C7 Pro,Android,500000,user_device
galaxy c9 pro,Samsung Galaxy C9 Pro,Android,1100000,user_device
galaxy centura,Samsung Galaxy Centura,Android,3900,user_device
galaxy chat,Samsung Galaxy Chat,Android,57000,user_device
galaxy core,Samsung Galaxy Core,Android,590000,user_device
galaxy core 2,Samsung Galaxy Core 2,Android,1100000,user_device
galaxy core 2 duos,Samsung Galaxy Core 2 Duos,Android,710000,user_device
galaxy core plus,Samsung Galaxy Core Plus,Android,200000,user_device
galaxy core prime,Samsung Galaxy Core Prime,Android,2100000,user_device
galaxy core prime duos,Samsung Galaxy Core Prime Duos,Android,1100000,user_device
galaxy e5,Samsung Galaxy E5,Android,580000,user_device
galaxy e7,Samsung Galaxy E7,Android,490000,user_device
galaxy exhibit,Samsung Galaxy Exhibit,Android,25000,user_device
galaxy fame,Samsung Galaxy Fame,Android,240000,user_device
galaxy fame lite,Samsung Galaxy Fame Lite,Android,190000,user_device
galaxy fame lite duos,Samsung Galaxy Fame Lite Duos,Android,22000,user_device
galaxy gran neo duos,Samsung Galaxy Gran Neo Duos,Android,150000,user_device
galaxy grand,Samsung Galaxy Grand,Android,1100000,user_device
galaxy grand 2,Samsung Galaxy Grand 2,Android,1800000,user_device
galaxy grand 2 duos,Samsung Galaxy Grand 2 Duos,Android,53000,user_device
galaxy grand max,Samsung Galaxy Grand Max,Android,300000,user_device
galaxy grand neo,Samsung Galaxy Grand Neo,Android,5400000,user_device
galaxy grand prime,Samsung Galaxy Grand Prime,Android,16000000,user_device
galaxy grand prime plus,Samsung Galaxy Grand Prime Plus,Android,13000000,user_device
galaxy grand quattro,Samsung Galaxy Grand Quattro,Android,360000,user_device
galaxy j1,Samsung Galaxy J1,Android,2300000,user_device
galaxy j1 (2016),Samsung Galaxy J1 (2016),Android,6600000,user_device
galaxy j1 ace,Samsung Galaxy J1 Ace,Android,11000000,user_device
galaxy j1 mini,Samsung Galaxy J1 Mini,Android,4500000,user_device
galaxy j1 mini prime,Samsung Galaxy J1 Mini Prime,Android,4100000,user_device
galaxy j2,Samsung Galaxy J2,Android,7900000,user_device
galaxy j2 (2016),Samsung Galaxy J2 (2016),Android,4200000,user_device
galaxy j2 (2017),Samsung Galaxy J2 (2017),Android,9300000,user_device
galaxy j2 (2018),Samsung Galaxy J2 (2018),Android,13000000,user_device
galaxy j2 core,Samsung Galaxy J2 Core,Android,21000000,user_device
galaxy j2 prime,Samsung Galaxy J2 Prime,Android,45000000,user_device
galaxy j3,Samsung Galaxy J3,Android,6100000,user_device
galaxy j3 (2016),Samsung Galaxy J3 (2016),Android,6800000,user_device
galaxy j3 (2017),Samsung Galaxy J3 (2017),Android,6100000,user_device
galaxy j3 (2018),Samsung Galaxy J3 (2018),Android,1300000,user_device
galaxy j3 emerge,Samsung Galaxy J3 Emerge,Android,720000,user_device
galaxy j3 luna pro,Samsung Galaxy J3 Luna Pro,Android,390000,user_device
galaxy j3 orbit,Samsung Galaxy J3 Orbit,Android,590000,user_device
galaxy j3 prime,Samsung Galaxy J3 Prime,Android,1000,user_device
galaxy j3 prime (2017),Samsung Galaxy J3 Prime (2017),Android,1600000,user_device
galaxy j3 pro,Samsung Galaxy J3 Pro,Android,2500000,user_device
galaxy j4 (2018),Samsung Galaxy J4 (2018),Android,14000000,user_device
galaxy j4 core,Samsung Galaxy J4 Core,Android,11000000,user_device
galaxy j4+,Samsung Galaxy J4+,Android,19000000,user_device
galaxy j5,Samsung Galaxy J5,Android,15000000,user_device
galaxy j5 (2016),Samsung Galaxy J5 (2016),Android,12000000,user_device
galaxy j5 (2017),Samsung Galaxy J5 (2017),Android,6700000,user_device
galaxy j5 prime,Samsung Galaxy J5 Prime,Android,17000000,user_device
galaxy j5 pro,Samsung Galaxy J5 Pro,Android,710000,user_device
galaxy j6,Samsung Galaxy J6,Android,18000000,user_device
galaxy j6+,Samsung Galaxy J6+,Android,16000000,user_device
galaxy j7,Samsung Galaxy J7,Android,19000000,user_device
galaxy j7 (2016),Samsung Galaxy J7 (2016),Android,16000000,user_device
galaxy j7 (2017),Samsung Galaxy J7 (2017),Android,6800000,user_device
galaxy j7 (2018),Samsung Galaxy J7 (2018),Android,1400000,user_device
galaxy j7 core,Samsung Galaxy J7 Core,Android,1900000,user_device
galaxy j7 crown,Samsung Galaxy J7 Crown,Android,820000,user_device
galaxy j7 duo,Samsung Galaxy J7 Duo,Android,1000000,user_device
galaxy j7 max,Samsung Galaxy J7 Max,Android,3600000,user_device
galaxy j7 neo,Samsung Galaxy J7 Neo,Android,4700000,user_device
galaxy j7 nxt,Samsung Galaxy J7 Nxt,Android,12000000,user_device
galaxy j7 prime,Samsung Galaxy J7 Prime,Android,36000000,user_device
galaxy j7 prime 2,Samsung Galaxy J7 Prime 2,Android,2200000,user_device
galaxy j7 pro,Samsung Galaxy J7 Pro,Android,7800000,user_device
galaxy j7 refine,Samsung Galaxy J7 Refine,Android,450000,user_device
galaxy j7+,Samsung Galaxy J7+,Android,1200000,user_device
galaxy j8,Samsung Galaxy J8,Android,10000000,user_device
galaxy light,Samsung Galaxy Light,Android,39000,user_device
galaxy m01,Samsung Galaxy M01,Android,970000,user_device
galaxy m10,Samsung Galaxy M10,Android,3100000,user_device
galaxy m11,Samsung Galaxy M11,Android,3000000,user_device
galaxy m20,Samsung Galaxy M20,Android,4600000,user_device
galaxy m21,Samsung Galaxy M21,Android,2500000,user_device
galaxy m30,Samsung Galaxy M30,Android,1800000,user_device
galaxy m30s,Samsung Galaxy M30s,Android,3000000,user_device
galaxy m31,Samsung Galaxy M31,Android,3400000,user_device
galaxy mega 2,Samsung Galaxy Mega 2,Android,150000,user_device
galaxy mega 5.8,Samsung Galaxy Mega 5.8,Android,240000,user_device
galaxy mega 6.3,Samsung Galaxy Mega 6.3,Android,100000,user_device
galaxy mini,Samsung Galaxy Mini,Android,42000,user_device
galaxy mini 2,Samsung Galaxy Mini 2,Android,23000,user_device
galaxy note,Samsung Galaxy Note,Android,240000,user_device
galaxy note 10,Samsung Galaxy Note 10,Android,2200000,user_device
galaxy note 10 lite,Samsung Galaxy Note 10 Lite,Android,1700000,user_device
galaxy note 10+,Samsung Galaxy Note 10+,Android,6200000,user_device
galaxy note 10+ 5g,Samsung Galaxy Note 10+ 5G,Android,1900000,user_device
galaxy note 10.1,Samsung Galaxy Note 10.1,Android,260000,user_device
galaxy note 10.1 2014,Samsung Galaxy Note 10.1 2014,Android,240000,user_device
galaxy note 20 5g,Samsung Galaxy Note 20 5G,Android,1000000,user_device
galaxy note 20 ultra 5g,Samsung Galaxy Note 20 Ultra 5G,Android,2100000,user_device
galaxy note 3,Samsung Galaxy Note 3,Android,3400000,user_device
galaxy note 3 neo,Samsung Galaxy Note 3 Neo,Android,400000,user_device
galaxy note 3 neo duos,Samsung Galaxy Note 3 Neo Duos,Android,38000,user_device
galaxy note 4,Samsung Galaxy Note 4,Android,3000000,user_device
galaxy note 4 duos,Samsung Galaxy Note 4 Duos,Android,32000,user_device
galaxy note 5,Samsung Galaxy Note 5,Android,4100000,user_device
galaxy note 7,Samsung Galaxy Note 7,Android,15000,user_device
galaxy note 8,Samsung Galaxy Note 8,Android,11000000,user_device
galaxy note 8.0,Samsung Galaxy Note 8.0,Android,170000,user_device
galaxy note 9,Samsung Galaxy Note 9,Android,11000000,user_device
galaxy note edge,Samsung Galaxy Note Edge,Android,280000,user_device
galaxy note ii,Samsung Galaxy Note II,Android,1000000,user_device
galaxy on5,Samsung Galaxy On5,Android,2100000,user_device
galaxy on5 (2016),Samsung Galaxy On5 (2016),Android,2500000,user_device
galaxy on7,Samsung Galaxy On7,Android,2500000,user_device
galaxy on7 (2017),Samsung Galaxy On7 (2017),Android,1000,user_device
galaxy on7 prime (2018),Samsung Galaxy On7 Prime (2018),Android,2600000,user_device
galaxy pocket,Samsung Galaxy Pocket,Android,70000,user_device
galaxy pocket 2,Samsung Galaxy Pocket 2,Android,40000,user_device
galaxy pocket 2 duos,Samsung Galaxy Pocket 2 Duos,Android,72000,user_device
galaxy pocket duos,Samsung Galaxy Pocket Duos,Android,10000,user_device
galaxy pocket neo,Samsung Galaxy Pocket Neo,Android,330000,user_device
galaxy pocket neo duos,Samsung Galaxy Pocket Neo Duos,Android,12000,user_device
galaxy pocket plus,Samsung Galaxy Pocket Plus,Android,210000,user_device
galaxy s,Samsung Galaxy S,Android,32000,user_device
galaxy s advance,Samsung Galaxy S Advance,Android,67000,user_device
galaxy s duos,Samsung Galaxy S Duos,Android,360000,user_device
galaxy s duos 2,Samsung Galaxy S Duos 2,Android,900000,user_device
galaxy s duos 3,Samsung Galaxy S Duos 3,Android,290000,user_device
galaxy s ii,Samsung Galaxy S II,Android,290000,user_device
galaxy s ii plus,Samsung Galaxy S II Plus,Android,150000,user_device
galaxy s ii skyrocket,Samsung Galaxy S II Skyrocket,Android,4700,user_device
galaxy s ii tv,Samsung Galaxy S II TV,Android,30000,user_device
galaxy s iii,Samsung Galaxy S III,Android,1500000,user_device
galaxy s iii alpha,Samsung Galaxy S III Alpha,Android,7500,user_device
galaxy s iii mini,Samsung Galaxy S III Mini,Android,1500000,user_device
galaxy s iii neo,Samsung Galaxy S III Neo,Android,1200000,user_device
galaxy s iii neo plus,Samsung Galaxy S III Neo Plus,Android,61000,user_device
galaxy s iii neo+,Samsung Galaxy S III Neo+,Android,1000,user_device
galaxy s iii slim,Samsung Galaxy S III Slim,Android,1000,user_device
galaxy s10,Samsung Galaxy S10,Android,14000000,user_device
galaxy s10 5g,Samsung Galaxy S10 5G,Android,1600000,user_device
galaxy s10 lite,Samsung Galaxy S10 Lite,Android,870000,user_device
galaxy s10+,Samsung Galaxy S10+,Android,12000000,user_device
galaxy s10e,Samsung Galaxy S10e,Android,6900000,user_device
galaxy s20,Samsung Galaxy S20,Android,1900000,user_device
galaxy s20 5g,Samsung Galaxy S20 5G,Android,3000000,user_device
galaxy s20 ultra,Samsung Galaxy S20 Ultra,Android,2900000,user_device
galaxy s20+,Samsung Galaxy S20+,Android,1800000,user_device
galaxy s20+ 5g,Samsung Galaxy S20+ 5G,Android,2900000,user_device
galaxy s4,Samsung Galaxy S4,Android,2500000,user_device
galaxy s4 active,Samsung Galaxy S4 Active,Android,74000,user_device
galaxy s4 mini,Samsung Galaxy S4 Mini,Android,910000,user_device
galaxy s4 value edition,Samsung Galaxy S4 Value Edition,Android,170000,user_device
galaxy s4 zoom,Samsung Galaxy S4 Zoom,Android,13000,user_device
galaxy s5,Samsung Galaxy S5,Android,5700000,user_device
galaxy s5 active,Samsung Galaxy S5 Active,Android,140000,user_device
galaxy s5 duos,Samsung Galaxy S5 Duos,Android,36000,user_device
galaxy s5 mini,Samsung Galaxy S5 Mini,Android,880000,user_device
galaxy s5 neo,Samsung Galaxy S5 Neo,Android,830000,user_device
galaxy s5 plus,Samsung Galaxy S5 Plus,Android,160000,user_device
galaxy s5 prime,Samsung Galaxy S5 Prime,Android,76000,user_device
galaxy s5 sport,Samsung Galaxy S5 Sport,Android,15000,user_device
galaxy s6,Samsung Galaxy S6,Android,6500000,user_device
galaxy s6 active,Samsung Galaxy S6 Active,Android,160000,user_device
galaxy s6 edge,Samsung Galaxy S6 Edge,Android,4700000,user_device
galaxy s6 edge plus,Samsung Galaxy S6 Edge Plus,Android,2000000,user_device
galaxy s7,Samsung Galaxy S7,Android,14000000,user_device
galaxy s7 active,Samsung Galaxy S7 Active,Android,340000,user_device
galaxy s7 edge,Samsung Galaxy S7 Edge,Android,13000000,user_device
galaxy s8,Samsung Galaxy S8,Android,20000000,user_device
galaxy s8 active,Samsung Galaxy S8 Active,Android,610000,user_device
galaxy s8+,Samsung Galaxy S8+,Android,12000000,user_device
galaxy s9,Samsung Galaxy S9,Android,19000000,user_device
galaxy s9+,Samsung Galaxy S9+,Android,14000000,user_device
galaxy star,Samsung Galaxy Star,Android,230000,user_device
galaxy star 2,Samsung Galaxy Star 2,Android,54000,user_device
galaxy star advance,Samsung Galaxy Star Advance,Android,280000,user_device
galaxy star pro,Samsung Galaxy Star Pro,Android,460000,user_device
galaxy star trios,Samsung Galaxy Star Trios,Android,3500,user_device
galaxy tab 10.1,Google Galaxy Tab 10.1,Android,37000,user_device
galaxy tab 2 10.1,Samsung Galaxy Tab 2 10.1,Android,260000,user_device
galaxy tab 2 7.0,Samsung Galaxy Tab 2 7.0,Android,330000,user_device
galaxy tab 3 10.1,Samsung Galaxy Tab 3 10.1,Android,380000,user_device
galaxy tab 3 7.0,Samsung Galaxy Tab 3 7.0,Android,610000,user_device
galaxy tab 3 8.0,Samsung Galaxy Tab 3 8.0,Android,310000,user_device
galaxy tab 3 lite,Samsung Galaxy Tab 3 Lite,Android,1700000,user_device
galaxy tab 3 v,Samsung Galaxy Tab 3 V,Android,2200000,user_device
galaxy tab 4 10.1,Samsung Galaxy Tab 4 10.1,Android,1400000,user_device
galaxy tab 4 7.0,Samsung Galaxy Tab 4 7.0,Android,1800000,user_device
galaxy tab 4 8.0,Samsung Galaxy Tab 4 8.0,Android,460000,user_device
galaxy tab a,Samsung Galaxy Tab A,Android,74000,user_device
galaxy tab a 10.1 (2016),Samsung Galaxy Tab A 10.1 (2016),Android,6500000,user_device
galaxy tab a 10.1 (2019),Samsung Galaxy Tab A 10.1 (2019),Android,4600000,user_device
galaxy tab a 10.5,Samsung Galaxy Tab A 10.5,Android,1100000,user_device
galaxy tab a 7.0 (2016),Samsung Galaxy Tab A 7.0 (2016),Android,2800000,user_device
galaxy tab a 8.0,Samsung Galaxy Tab A 8.0,Android,3900000,user_device
galaxy tab a 9.7,Samsung Galaxy Tab A 9.7,Android,2100000,user_device
galaxy tab e 8.0,Samsung Galaxy Tab E 8.0,Android,800000,user_device
galaxy tab e 9.6,Samsung Galaxy Tab E 9.6,Android,3600000,user_device
galaxy tab pro 10.1,Samsung Galaxy Tab Pro 10.1,Android,83000,user_device
galaxy tab s 10.5,Samsung Galaxy Tab S 10.5,Android,560000,user_device
galaxy tab s2 8.0,Samsung Galaxy Tab S2 8.0,Android,620000,user_device
galaxy tab s2 9.7,Samsung Galaxy Tab S2 9.7,Android,1500000,user_device
galaxy table a 8 (2019),Samsung Galaxy Table A 8 (2019),Android,1900000,user_device
galaxy trend,Samsung Galaxy Trend,Android,310000,user_device
galaxy trend lite,Samsung Galaxy Trend Lite,Android,180000,user_device
galaxy trend lite 2,Samsung Galaxy Trend Lite 2,Android,1000,user_device
galaxy trend plus,Samsung Galaxy Trend Plus,Android,580000,user_device
galaxy v,Samsung Galaxy V,Android,950000,user_device
galaxy v plus,Samsung Galaxy V Plus,Android,610000,user_device
galaxy w,Samsung Galaxy W,Android,35000,user_device
galaxy win,Samsung Galaxy Win,Android,55000,user_device
galaxy win 2 duos tv,Samsung Galaxy Win 2 Duos TV,Android,180000,user_device
galaxy win duos,Samsung Galaxy Win Duos,Android,310000,user_device
galaxy xcover 3,Samsung Galaxy Xcover 3,Android,230000,user_device
galaxy xcover 4,Samsung Galaxy Xcover 4,Android,610000,user_device
galaxy y,Samsung Galaxy Y,Android,270000,user_device
galaxy y duos,Samsung Galaxy Y Duos,Android,84000,user_device
galaxy y plus,Samsung Galaxy Y Plus,Android,37000,user_device
galaxy y pro,Samsung Galaxy Y Pro,Android,5500,user_device
galaxy y tv,Samsung Galaxy Y TV,Android,7600,user_device
galaxy young,Samsung Galaxy Young,Android,210000,user_device
galaxy young 2,Samsung Galaxy Young 2,Android,400000,user_device
galaxy young 2 duos,Samsung Galaxy Young 2 Duos,Android,21000,user_device
galaxy young plus tv,Samsung Galaxy Young Plus TV,Android,40000,user_device
gionee,Gionee Devices,Android,5800000,user_device
google,Google Devices,Android,35000000,user_device
gr3,Huawei GR3,Android,710000,user_device
gr5,Huawei GR5,Android,700000,user_device
gr5 2017,Huawei GR5 2017,Android,1500000,user_device
honor 10,Huawei Honor 10,Android,1400000,user_device
honor 20,Huawei Honor 20,Android,3500000,user_device
honor 20 lite,Huawei Honor 20 lite,Android,1600000,user_device
honor 3c,Huawei Honor 3C,Android,110000,user_device
honor 4a,Huawei Honor 4A,Android,83000,user_device
honor 4c,Huawei Honor 4C,Android,350000,user_device
honor 4x,Huawei Honor 4X,Android,510000,user_device
honor 5c,Huawei Honor 5C,Android,340000,user_device
honor 5x,Huawei Honor 5X,Android,420000,user_device
honor 6x,Huawei Honor 6X,Android,1000000,user_device
honor 7a,Huawei Honor 7A,Android,2300000,user_device
honor 7c,Huawei Honor 7C,Android,1600000,user_device
honor 7s,Huawei Honor 7S,Android,2600000,user_device
honor 7x,Huawei Honor 7X,Android,1400000,user_device
honor 8,Huawei Honor 8,Android,540000,user_device
honor 8a,Huawei Honor 8A,Android,5200000,user_device
honor 8c,Huawei Honor 8C,Android,1100000,user_device
honor 8s,Huawei Honor 8S,Android,1300000,user_device
honor 8x,Huawei Honor 8X,Android,2900000,user_device
honor 9,Huawei Honor 9,Android,650000,user_device
honor 9 lite,Huawei Honor 9 Lite,Android,4000000,user_device
honor 9i,Huawei Honor 9i,Android,1400000,user_device
honor bee,Huawei Honor Bee,Android,280000,user_device
honor holly,Huawei Honor Holly,Android,170000,user_device
hornor 10 lite,Huawei Hornor 10 Lite,Android,2600000,user_device
hornor 8x,Huawei Hornor 8X,Android,2000000,user_device
hot 2,Infinix Hot 2,Android,150000,user_device
hot 4,Infinix Hot 4,Android,720000,user_device
hot 4 lite,Infinix Hot 4 Lite,Android,830000,user_device
hot 4 pro,Infinix Hot 4 Pro,Android,480000,user_device
hot 5,Infinix Hot 5,Android,2000000,user_device
hot 5 lite,Infinix Hot 5 Lite,Android,730000,user_device
hot 6,Infinix Hot 6,Android,2200000,user_device
hot 7,Infinix Hot 7,Android,2200000,user_device
hot 8,Infinix Hot 8,Android,4200000,user_device
hot 8 lite,Infinix Hot 8 Lite,Android,2700000,user_device
hot 9,Infinix Hot 9,Android,1800000,user_device
hot 9 play,Infinix Hot 9 Play,Android,2900000,user_device
hot note,Infinix Hot Note,Android,320000,user_device
htc,Htc Devices,Android,7900000,user_device
huawei,Huawei Devices,Android,300000000,user_device
ilium x210,Lanix Ilium X210,Android,120000,user_device
ilium x520,Lanix Ilium X520,Android,450000,user_device
infinix,Infinix Devices,Android,41000000,user_device
iris 700,Lava Iris 700,Android,7400,user_device
iris 820,Lava Iris 820,Android,270000,user_device
iris fuel 50,Lava Iris Fuel 50,Android,600000,user_device
it1408,Itel it1408,Android,540000,user_device
it1409,Itel it1409,Android,240000,user_device
it1508,Itel it1508,Android,600000,user_device
itel,Itel Devices,Android,28000000,user_device
jerry,Wiko Jerry,Android,230000,user_device
joy,Lg Joy,Android,240000,user_device
joy 3,Oppo Joy 3,Android,1000000,user_device
k10,Lg K10,Android,3600000,user_device
k10 (2017),Lg K10 (2017),Android,4200000,user_device
k12+,Lg K12+,Android,2900000,user_device
k20,Lg K20,Android,1600000,user_device
k20 plus,Lg K20 Plus,Android,1200000,user_device
k3 note,Lenovo K3 Note,Android,290000,user_device
k30,Lg K30,Android,790000,user_device
k4,Lg K4,Android,340000,user_device
k4 (2017),Lg K4 (2017),Android,320000,user_device
k40s,Lg K40S,Android,1900000,user_device
k5,Lg K5,Android,420000,user_device
k5 note,Lenovo K5 Note,Android,110000,user_device
k50s,Lg K50S,Android,850000,user_device
k6 note,Lenovo K6 Note,Android,730000,user_device
k6 power,Lenovo K6 Power,Android,730000,user_device
k7,Lg K7,Android,390000,user_device
k8,Lg K8,Android,1400000,user_device
k8 (2017),Lg K8 (2017),Android,920000,user_device
k8 note,Lenovo K8 Note,Android,630000,user_device
k8 plus,Lenovo K8 Plus,Android,770000,user_device
kindle fire,Amazon Kindle Fire,Android,25000,user_device
kindle fire hd 7 (2012),Amazon Kindle Fire HD 7 (2012),Android,57000,user_device
kindle fire hd 7 (2013),Amazon Kindle Fire HD 7 (2013),Android,25000,user_device
kindle fire hd 8.9,Amazon Kindle Fire HD 8.9,Android,17000,user_device
kindle fire hdx 7,Amazon Kindle Fire HDX 7,Android,56000,user_device
kindle fire hdx 8.9,Amazon Kindle Fire HDX 8.9,Android,10000,user_device
l bello,Lg L Bello,Android,210000,user_device
l fino,Lg L Fino,Android,26000,user_device
l prime dual,Lg L Prime Dual,Android,260000,user_device
l20,Lg L20,Android,140000,user_device
l50,Lg L50,Android,99000,user_device
l70,Lg L70,Android,160000,user_device
lanix,Lanix Devices,Android,2700000,user_device
lava,Lava Devices,Android,8800000,user_device
lenny 2,Wiko Lenny 2,Android,220000,user_device
lenny 3,Wiko Lenny 3,Android,200000,user_device
lenovo,Lenovo Devices,Android,23000000,user_device
leon,Lg Leon,Android,390000,user_device
lg,Lg Devices,Android,79000000,user_device
magna,Lg Magna,Android,310000,user_device
mate 10,Huawei Mate 10,Android,490000,user_device
mate 10 lite,Huawei Mate 10 Lite,Android,5900000,user_device
mate 10 pro,Huawei Mate 10 Pro,Android,1300000,user_device
mate 20,Huawei Mate 20,Android,900000,user_device
mate 20 lite,Huawei Mate 20 Lite,Android,6900000,user_device
mate 20 pro,Huawei Mate 20 Pro,Android,2300000,user_device
mate 8,Huawei Mate 8,Android,380000,user_device
mate 9,Huawei Mate 9,Android,750000,user_device
maven 3,Zte Maven 3,Android,590000,user_device
max xl,Zte Max XL,Android,160000,user_device
mediapad t1 7.0,Huawei MediaPad T1 7.0,Android,1100000,user_device
mediapad t3 10,Huawei MediaPad T3 10,Android,1800000,user_device
mediapad t3 7,Huawei MediaPad T3 7,Android,1100000,user_device
mediapad t5,Huawei MediaPad T5,Android,1800000,user_device
mi 4i,Xiaomi Mi 4i,Android,180000,user_device
mi 5,Xiaomi Mi 5,Android,330000,user_device
mi 8,Xiaomi Mi 8,Android,850000,user_device
mi 8 lite,Xiaomi MI 8 Lite,Android,2700000,user_device
mi 9,Xiaomi Mi 9,Android,1100000,user_device
mi 9 lite,Xiaomi Mi 9 Lite,Android,900000,user_device
mi 9t,Xiaomi Mi 9T,Android,2100000,user_device
mi 9t pro,Xiaomi Mi 9T Pro,Android,930000,user_device
mi a1,Xiaomi Mi A1,Android,4600000,user_device
mi a2,Xiaomi Mi A2,Android,3300000,user_device
mi a2 lite,Xiaomi Mi A2 Lite,Android,3000000,user_device
mi a3,Xiaomi Mi A3,Android,4200000,user_device
mi max,Xiaomi Mi Max,Android,420000,user_device
mi max 2,Xiaomi Mi Max 2,Android,990000,user_device
mi note 10 lite,Xiaomi Mi Note 10 Lite,Android,960000,user_device
micromax,Micromax Devices,Android,3600000,user_device
moto c,Motorola Moto C,Android,4800000,user_device
moto c plus,Motorola Moto C Plus,Android,3200000,user_device
moto e,Motorola Moto E,Android,300000,user_device
moto e (2016),Motorola Moto E (2016),Android,520000,user_device
moto e (2nd gen),Motorola Moto E (2nd gen),Android,530000,user_device
moto e (4th gen),Motorola Moto E (4th gen),Android,2900000,user_device
moto e (4th gen) plus,Motorola Moto E (4th gen) Plus,Android,4600000,user_device
moto e (5th gen),Motorola Moto E (5th gen),Android,4300000,user_device
moto e (5th gen) plus,Motorola Moto E (5th gen) Plus,Android,2900000,user_device
moto e5 cruise,Motorola Moto E5 Cruise,Android,640000,user_device
moto e5 play,Motorola Moto E5 Play,Android,7900000,user_device
moto e6,Motorola Moto E6,Android,1500000,user_device
moto e6 play,Motorola Moto E6 Play,Android,4100000,user_device
moto e6 plus,Motorola Moto E6 Plus,Android,5100000,user_device
moto e6s (2020),Motorola Moto E6s (2020),Android,2100000,user_device
moto g,Motorola Moto G,Android,1300000,user_device
moto g (2nd gen),Motorola Moto G (2nd Gen),Android,130000,user_device
moto g (3rd gen),Motorola Moto G (3rd Gen),Android,140000,user_device
moto g (4th gen),Motorola Moto G (4th Gen),Android,3200000,user_device
moto g 2nd gen,Motorola Moto G 2nd Gen,Android,1000,user_device
moto g 2nd generation,Motorola Moto G 2nd generation,Android,77000,user_device
moto g 4g,Motorola Moto G 4G,Android,29000,user_device
moto g dtv,Motorola Moto G DTV,Android,470000,user_device
moto g forte,Motorola Moto G Forte,Android,23000,user_device
moto g play,Motorola Moto G Play,Android,2900000,user_device
moto g2,Motorola Moto G2,Android,620000,user_device
moto g3,Motorola Moto G3,Android,2200000,user_device
moto g5,Motorola Moto G5,Android,4700000,user_device
moto g5 plus,Motorola Moto G5 Plus,Android,3400000,user_device
moto g5s,Motorola Moto G5S,Android,3200000,user_device
moto g5s plus,Motorola Moto G5S Plus,Android,3100000,user_device
moto g6,Motorola Moto G6,Android,3800000,user_device
moto g6 play,Motorola Moto G6 Play,Android,7000000,user_device
moto g6 plus,Motorola Moto G6 Plus,Android,2300000,user_device
moto g7,Motorola Moto G7,Android,1700000,user_device
moto g7 play,Motorola Moto G7 Play,Android,6000000,user_device
moto g7 plus,Motorola Moto G7 Plus,Android,1900000,user_device
moto g7 power,Motorola Moto G7 Power,Android,5300000,user_device
moto g8 play,Motorola Moto G8 Play,Android,3900000,user_device
moto g8 plus,Motorola Moto G8 Plus,Android,2700000,user_device
moto g8 power,Motorola Moto G8 Power,Android,1100000,user_device
moto g8 power lite,Motorola Moto G8 Power Lite,Android,2100000,user_device
moto x,Motorola Moto X,Android,150000,user_device
moto x (2nd gen),Motorola Moto X (2nd Gen),Android,120000,user_device
moto x play,Motorola Moto X Play,Android,400000,user_device
moto x pure,Motorola Moto X Pure,Android,1000,user_device
moto x4,Motorola Moto X4,Android,830000,user_device
moto z droid,Motorola Moto Z Droid,Android,230000,user_device
moto z play dual,Motorola Moto Z Play Dual,Android,480000,user_device
moto z2 force,Motorola Moto Z2 Force,Android,510000,user_device
moto z2 play,Motorola Moto Z2 Play,Android,1200000,user_device
moto z4,Motorola Moto Z4,Android,660000,user_device
motorola,Motorola Devices,Android,120000000,user_device
neo 3,Oppo Neo 3,Android,60000,user_device
neo 5,Oppo Neo 5,Android,1400000,user_device
neo 7,Oppo Neo 7,Android,4600000,user_device
neo 7s,Oppo Neo 7S,Android,390000,user_device
nexus 10,Google Nexus 10,Android,32000,user_device
nexus 5,Google Nexus 5,Android,660000,user_device
nexus 5x,Google Nexus 5X,Android,130000,user_device
nexus 6,Google Nexus 6,Android,96000,user_device
nexus 6p,Google Nexus 6P,Android,750000,user_device
nexus 7,Google Nexus 7,Android,250000,user_device
nexus 9,Google Nexus 9,Android,26000,user_device
nexus one,Google Nexus One,Android,760000,user_device
nord 5g,Oneplus Nord 5G,Android,1300000,user_device
note 2,Infinix Note 2,Android,270000,user_device
note 3 neo duos,Samsung Note 3 Neo Duos,Android,1000,user_device
note 4,Infinix Note 4,Android,710000,user_device
note 7,Infinix Note 7,Android,1100000,user_device
nova 2i,Huawei Nova 2i,Android,1800000,user_device
nova 3,Huawei Nova 3,Android,1000000,user_device
nova 3i,Huawei Nova 3i,Android,4800000,user_device
nova 7i,Huawei Nova 7i,Android,910000,user_device
nova lite,Huawei Nova Lite,Android,5100000,user_device
nova young,Huawei Nova Young,Android,600000,user_device
nyx,Nyx Devices,Android,260000,user_device
one,Motorola One,Android,3200000,user_device
one (e8),Htc One (E8),Android,51000,user_device
one (m7),Htc One (M7),Android,430000,user_device
one (m8),Htc One (M8),Android,450000,user_device
one action,Motorola One Action,Android,1500000,user_device
one e9+,Htc One E9+,Android,38000,user_device
one m9,Htc One M9,Android,210000,user_device
one m9+,Htc One M9+,Android,51000,user_device
one macro,Motorola One Macro,Android,2100000,user_device
one max,Htc One Max,Android,28000,user_device
one mini,Htc One Mini,Android,28000,user_device
one mini 2,Htc One Mini 2,Android,2000,user_device
one sv,Htc One SV,Android,3500,user_device
one touch pixi 3,Alcatel One Touch Pixi 3,Android,770000,user_device
one touch pixi 3 (3.5),Alcatel One Touch Pixi 3 (3.5),Android,140000,user_device
one touch pixi 3 (4.5),Alcatel One Touch Pixi 3 (4.5),Android,120000,user_device
one touch pixi 4 (4),Alcatel One Touch Pixi 4 (4),Android,820000,user_device
one touch pixi 4 (5),Alcatel One Touch Pixi 4 (5),Android,640000,user_device
one touch pixi 4 (5.0),Alcatel One Touch Pixi 4 (5.0),Android,290000,user_device
one touch pixi 4 (6),Alcatel One Touch Pixi 4 (6),Android,610000,user_device
one touch pop 3 (5),Alcatel One Touch Pop 3 (5),Android,240000,user_device
one touch pop 3 (5.5),Alcatel One Touch Pop 3 (5.5),Android,180000,user_device
one touch pop c1,Alcatel One Touch Pop C1,Android,230000,user_device
one touch pop c3,Alcatel One Touch Pop C3,Android,79000,user_device
one touch pop c5,Alcatel One Touch Pop C5,Android,75000,user_device
one touch pop c7,Alcatel One Touch Pop C7,Android,130000,user_device
one vision,Motorola One Vision,Android,1400000,user_device
one x,Htc One X,Android,20000,user_device
one x+,Htc One X+,Android,2700,user_device
one x9,Htc One X9,Android,66000,user_device
one xl,Htc One XL,Android,1400,user_device
oneplus,Oneplus Devices,Android,15000000,user_device
oneplus one,Oneplus OnePlus One,Android,88000,user_device
oppo,Oppo Devices,Android,250000000,user_device
oppo a5 (2020),Oppo Oppo A5 (2020),Android,1000,user_device
oppo a9 (2020),Oppo Oppo A9 (2020),Android,1000,user_device
optimus f60,Lg Optimus F60,Android,20000,user_device
optimus l1 ii,Lg Optimus L1 II,Android,63000,user_device
optimus l3,Lg Optimus L3,Android,62000,user_device
optimus l3 ii,Lg Optimus L3 II,Android,100000,user_device
optimus l4 ii,Lg Optimus L4 II,Android,22000,user_device
optimus l5,Lg Optimus L5,Android,130000,user_device
optimus l5 dual,Lg Optimus L5 Dual,Android,1000,user_device
optimus l5 ii,Lg Optimus L5 II,Android,39000,user_device
optimus l5 ii dual,Lg Optimus L5 II Dual,Android,4900,user_device
optimus l7,Lg Optimus L7,Android,51000,user_device
optimus l7 ii,Lg Optimus L7 II,Android,45000,user_device
optimus l7 ii dual,Lg Optimus L7 II Dual,Android,16000,user_device
optimus l70,Lg Optimus L70,Android,2300,user_device
optimus l9,Lg Optimus L9,Android,21000,user_device
optimus l9 ii,Lg Optimus L9 II,Android,6600,user_device
optimus l90,Lg Optimus L90,Android,44000,user_device
p smart,Huawei P Smart,Android,6700000,user_device
p smart 2019,Huawei P smart 2019,Android,8700000,user_device
p smart plus,Huawei P Smart Plus,Android,1800000,user_device
p smart z,Huawei P Smart Z,Android,2600000,user_device
p10,Huawei P10,Android,1900000,user_device
p10 lite,Huawei P10 Lite,Android,4200000,user_device
p20,Huawei P20,Android,3000000,user_device
p20 lite,Huawei P20 Lite,Android,15000000,user_device
p20 pro,Huawei P20 Pro,Android,4000000,user_device
p30,Huawei P30,Android,3300000,user_device
p30 lite,Huawei P30 lite,Android,16000000,user_device
p30 pro,Huawei P30 Pro,Android,5300000,user_device
p33,Itel P33,Android,1000000,user_device
p40 lite,Huawei P40 Lite,Android,1900000,user_device
p5l,Gionee P5L,Android,200000,user_device
p5w,Gionee P5W,Android,140000,user_device
p8,Huawei P8,Android,500000,user_device
p8 lite,Huawei P8 Lite,Android,4800000,user_device
p9,Huawei P9,Android,1300000,user_device
p9 lite,Huawei P9 Lite,Android,4200000,user_device
phoenix 3,Lg Phoenix 3,Android,680000,user_device
pixel,Google Pixel,Android,1900000,user_device
pixel 2,Google Pixel 2,Android,21000000,user_device
pixel 2 xl,Google Pixel 2 XL,Android,1100000,user_device
pixel 3,Google Pixel 3,Android,1400000,user_device
pixel 3 xl,Google Pixel 3 XL,Android,980000,user_device
pixel 3a,Google Pixel 3a,Android,1500000,user_device
pixel xl,Google Pixel XL,Android,330000,user_device
plume p6 pro,Condor Plume P6 Pro,Android,1500000,user_device
pocket neo,Samsung Pocket Neo,Android,6300,user_device
poco x2,Xiaomi Poco X2,Android,1200000,user_device
pop 1,Tecno Pop 1,Android,850000,user_device
pop 2 plus,Tecno Pop 2 Plus,Android,2300000,user_device
pop 2 power,Tecno Pop 2 Power,Android,2000000,user_device
pop 3,Tecno Pop 3,Android,1100000,user_device
pouvoir 2,Tecno Pouvoir 2,Android,800000,user_device
pouvoir 3 air,Tecno Pouvoir 3 Air,Android,2100000,user_device
premier pro,Lg Premier Pro,Android,2900000,user_device
q10,Blackberry Q10,Android,16000,user_device
q6,Lg Q6,Android,2300000,user_device
q60 (k12 prime),Lg Q60 (K12 Prime),Android,1000000,user_device
r9s,Oppo R9s,Android,560000,user_device
razr,Motorola RAZR,Android,8300,user_device
razr d1,Motorola Razr D1,Android,53000,user_device
razr d3,Motorola Razr D3,Android,4700,user_device
razr hd,Motorola RAZR HD,Android,3700,user_device
razr i,Motorola RAZR i,Android,11000,user_device
realme c11,Oppo Realme C11,Android,4500000,user_device
rebel 4,Lg Rebel 4,Android,1000000,user_device
redmi 1s,Xiaomi Redmi 1S,Android,210000,user_device
redmi 2,Xiaomi Redmi 2,Android,1300000,user_device
redmi 3,Xiaomi Redmi 3,Android,950000,user_device
redmi 3s,Xiaomi Redmi 3S,Android,3600000,user_device
redmi 4,Xiaomi Redmi 4,Android,4700000,user_device
redmi 4a,Xiaomi Redmi 4A,Android,8800000,user_device
redmi 4x,Xiaomi Redmi 4X,Android,5600000,user_device
redmi 5,Xiaomi Redmi 5,Android,6200000,user_device
redmi 5 plus,Xiaomi Redmi 5 Plus,Android,4700000,user_device
redmi 5a,Xiaomi Redmi 5A,Android,15000000,user_device
redmi 6,Xiaomi Redmi 6,Android,8300000,user_device
redmi 6 pro,Xiaomi Redmi 6 Pro,Android,3700000,user_device
redmi 6a,Xiaomi Redmi 6A,Android,22000000,user_device
redmi 7,Xiaomi Redmi 7,Android,8700000,user_device
redmi 7a,Xiaomi Redmi 7A,Android,11000000,user_device
redmi 8,Xiaomi Redmi 8,Android,15000000,user_device
redmi 8a,Xiaomi Redmi 8A,Android,7400000,user_device
redmi 9,Xiaomi Redmi 9,Android,5900000,user_device
redmi 9a,Xiaomi Redmi 9A,Android,4100000,user_device
redmi 9c,Xiaomi Redmi 9C,Android,1400000,user_device
redmi go,Xiaomi Redmi Go,Android,3600000,user_device
redmi note,Xiaomi Redmi Note,Android,640000,user_device
redmi note 2,Xiaomi Redmi Note 2,Android,740000,user_device
redmi note 3,Xiaomi Redmi Note 3,Android,3200000,user_device
redmi note 4,Xiaomi Redmi Note 4,Android,14000000,user_device
redmi note 4g,Xiaomi Redmi Note 4G,Android,160000,user_device
redmi note 4x,Xiaomi Redmi Note 4X,Android,810000,user_device
redmi note 5,Xiaomi Redmi Note 5,Android,10000000,user_device
redmi note 5 pro,Xiaomi Redmi Note 5 Pro,Android,8000000,user_device
redmi note 5a,Xiaomi Redmi Note 5A,Android,5800000,user_device
redmi note 6 pro,Xiaomi Redmi Note 6 Pro,Android,6900000,user_device
redmi note 7,Xiaomi Redmi Note 7,Android,17000000,user_device
redmi note 7 pro,Xiaomi Redmi Note 7 Pro,Android,8200000,user_device
redmi note 7s,Xiaomi Redmi Note 7S,Android,4300000,user_device
redmi note 8,Xiaomi Redmi Note 8,Android,28000000,user_device
redmi note 8 pro,Xiaomi Redmi Note 8 Pro,Android,16000000,user_device
redmi note 8t,Xiaomi Redmi Note 8T,Android,5100000,user_device
redmi note 9,Xiaomi Redmi Note 9,Android,9700000,user_device
redmi note 9 pro,Xiaomi Redmi Note 9 Pro,Android,6700000,user_device
redmi note 9 pro max,Xiaomi Redmi Note 9 Pro Max,Android,1700000,user_device
redmi note 9s,Xiaomi Redmi Note 9S,Android,4300000,user_device
redmi s2,Xiaomi Redmi S2,Android,8800000,user_device
redmi y1,Xiaomi Redmi Y1,Android,2100000,user_device
redmi y1 lite,Xiaomi Redmi Y1 Lite,Android,900000,user_device
redmi y3,Xiaomi Redmi Y3,Android,2400000,user_device
reno 3,Oppo Reno 3,Android,880000,user_device
reno 4,Oppo Reno 4,Android,1000000,user_device
reno2 f,Oppo Reno2 F,Android,3200000,user_device
reno2 z,Oppo Reno2 Z,Android,1100000,user_device
rocstar,Lenovo RocStar,Android,87000,user_device
rog phone 2,Asus ROG Phone 2,Android,310000,user_device
s1,Vivo S1,Android,6200000,user_device
s1 pro,Vivo S1 Pro,Android,3300000,user_device
s11,Itel S11,Android,610000,user_device
s15,Itel S15,Android,1800000,user_device
s4,Infinix S4,Android,1500000,user_device
s4z,Advan S4Z,Android,160000,user_device
samsung,Samsung Devices,Android,960000000,user_device
series iii l70,Lg Series III L70,Android,1000,user_device
sharp,Sharp Devices,Android,5200000,user_device
smart,Infinix Smart,Android,2500000,user_device
smart 2,Infinix Smart 2,Android,1900000,user_device
smart 4,Infinix Smart 4,Android,3400000,user_device
smart kicka,Vodafone Smart Kicka,Android,260000,user_device
smart max 4.0 plus,True Smart Max 4.0 Plus,Android,17000,user_device
smart mini,Vodafone Smart Mini,Android,580000,user_device
smart3 plus,Infinix Smart3 Plus,Android,1500000,user_device
smartfren,Smartfren Devices,Android,810000,user_device
sony,Sony Devices,Android,21000000,user_device
sony_ericsson,Sony_ericsson Devices,Android,1000,user_device
spark 2,Tecno Spark 2,Android,2700000,user_device
spark 3,Tecno Spark 3,Android,2200000,user_device
spark 4,Tecno Spark 4,Android,5300000,user_device
spark 4 air,Tecno Spark 4 Air,Android,1200000,user_device
spark 5,Tecno Spark 5,Android,990000,user_device
spark k7,Tecno Spark K7,Android,2000000,user_device
spirit,Lg Spirit,Android,350000,user_device
spree,Lg Spree,Android,430000,user_device
stylo 2,Lg Stylo 2,Android,200000,user_device
stylo 2 plus,Lg Stylo 2 Plus,Android,220000,user_device
stylo 3,Lg Stylo 3,Android,500000,user_device
stylo 3 plus,Lg Stylo 3 Plus,Android,360000,user_device
stylo 4,Lg Stylo 4,Android,2400000,user_device
stylo 5,Lg Stylo 5,Android,3300000,user_device
stylo 6,Lg Stylo 6,Android,1600000,user_device
stylus 3,Lg Stylus 3,Android,710000,user_device
sunny 2 plus,Wiko Sunny 2 Plus,Android,330000,user_device
sunny 3,Wiko Sunny 3,Android,460000,user_device
tab 2 a7-30,Lenovo Tab 2 A7-30,Android,440000,user_device
tab3 7,Lenovo Tab3 7,Android,390000,user_device
tecno,Tecno Devices,Android,57000000,user_device
tecno pop 2f,Tecno Tecno POP 2F,Android,3100000,user_device
tetra,Alcatel Tetra,Android,800000,user_device
transformer pad,Asus Transformer Pad,Android,27000,user_device
tribute,Lg Tribute,Android,220000,user_device
tribute 5,Lg Tribute 5,Android,270000,user_device
true,True Devices,Android,370000,user_device
u ultra,Htc U Ultra,Android,130000,user_device
u10,Vivo U10,Android,1200000,user_device
u5,Alcatel U5,Android,990000,user_device
unite 2,Micromax Unite 2,Android,21000,user_device
unite 3,Micromax Unite 3,Android,22000,user_device
v10,Lg V10,Android,160000,user_device
v11,Vivo V11,Android,2000000,user_device
v11 pro,Vivo V11 Pro,Android,2100000,user_device
v15,Vivo V15,Android,2900000,user_device
v15 pro,Vivo V15 Pro,Android,2100000,user_device
v17 pro,Vivo V17 Pro,Android,1100000,user_device
v19,Vivo V19,Android,1200000,user_device
v20,Lg V20,Android,650000,user_device
v3,Vivo V3,Android,750000,user_device
v30,Lg V30,Android,790000,user_device
v5,Vivo V5,Android,2400000,user_device
v5 plus,Vivo V5 Plus,Android,550000,user_device
v5s,Vivo V5s,Android,2100000,user_device
v7,Vivo V7,Android,2200000,user_device
v7+,Vivo V7+,Android,2100000,user_device
v9,Vivo V9,Android,3200000,user_device
v9 youth,Vivo V9 Youth,Android,1400000,user_device
vibe b,Lenovo Vibe B,Android,610000,user_device
vibe c,Lenovo Vibe C,Android,260000,user_device
vibe c2,Lenovo Vibe C2,Android,480000,user_device
vibe k4 note,Lenovo Vibe K4 Note,Android,500000,user_device
vibe k5,Lenovo Vibe K5,Android,790000,user_device
vibe k5 note,Lenovo Vibe K5 Note,Android,590000,user_device
vibe k5 plus,Lenovo Vibe K5 Plus,Android,430000,user_device
vibe k6,Lenovo Vibe K6,Android,320000,user_device
vibe p1m,Lenovo Vibe P1m,Android,390000,user_device
vision 1,Itel Vision 1,Android,1200000,user_device
vivo,Vivo Devices,Android,190000000,user_device
vivo 1603,Vivo vivo 1603,Android,1000,user_device
vivo 1919,Vivo VIVO 1919,Android,1500000,user_device
vivo y90,Vivo vivo Y90,Android,1000,user_device
vodafone,Vodafone Devices,Android,3100000,user_device
volt,Lg Volt,Android,22000,user_device
w2,Tecno W2,Android,540000,user_device
w3,Tecno W3,Android,570000,user_device
w4,Tecno W4,Android,270000,user_device
wiko,Wiko Devices,Android,7100000,user_device
wx3,Tecno WX3,Android,830000,user_device
wx3 pro,Tecno WX3 Pro,Android,700000,user_device
x charge,Lg X Charge,Android,380000,user_device
x power,Lg X Power,Android,780000,user_device
x power 2,Lg X Power 2,Android,1300000,user_device
x style,Lg X Style,Android,410000,user_device
x230,Lg X230,Android,2900000,user_device
xiaomi,Xiaomi Devices,Android,310000000,user_device
xperia arc s,Sony_ericsson Xperia Arc S,Android,40000,user_device
xperia c,Sony Xperia C,Android,55000,user_device
xperia c3 dual,Sony Xperia C3 Dual,Android,130000,user_device
xperia c4,Sony Xperia C4,Android,38000,user_device
xperia c4 dual,Sony Xperia C4 Dual,Android,53000,user_device
xperia c5 ultra,Sony Xperia C5 Ultra,Android,60000,user_device
xperia c5 ultra dual,Sony Xperia C5 Ultra Dual,Android,64000,user_device
xperia e,Sony Xperia E,Android,51000,user_device
xperia e dual,Sony Xperia E Dual,Android,15000,user_device
xperia e1,Sony Xperia E1,Android,93000,user_device
xperia e1 dual,Sony Xperia E1 Dual,Android,32000,user_device
xperia e3,Sony Xperia E3,Android,70000,user_device
xperia e3 dual,Sony Xperia E3 Dual,Android,29000,user_device
xperia e4,Sony Xperia E4,Android,220000,user_device
xperia e4g,Sony Xperia E4g,Android,68000,user_device
xperia e4g dual,Sony Xperia E4g Dual,Android,7000,user_device
xperia e5,Sony Xperia E5,Android,520000,user_device
xperia j,Sony Xperia J,Android,26000,user_device
xperia l,Sony Xperia L,Android,75000,user_device
xperia l1,Sony Xperia L1,Android,900000,user_device
xperia m,Sony Xperia M,Android,96000,user_device
xperia m2,Sony Xperia M2,Android,260000,user_device
xperia m2 aqua,Sony Xperia M2 Aqua,Android,50000,user_device
xperia m4 aqua,Sony Xperia M4 Aqua,Android,270000,user_device
xperia m5,Sony Xperia M5,Android,140000,user_device
xperia m5 dual,Sony Xperia M5 Dual,Android,56000,user_device
xperia mini,Sony Xperia Mini,Android,3000,user_device
xperia miro,Sony Xperia Miro,Android,14000,user_device
xperia p,Sony Xperia P,Android,28000,user_device
xperia s,Sony Xperia S,Android,59000,user_device
xperia sp,Sony Xperia SP,Android,55000,user_device
xperia tipo,Sony Xperia Tipo,Android,13000,user_device
xperia tipo dual,Sony Xperia Tipo Dual,Android,2100,user_device
xperia u,Sony Xperia U,Android,9800,user_device
xperia ul,Sony Xperia UL,Android,4300,user_device
xperia x,Sony Xperia X,Android,360000,user_device
xperia x compact,Sony Xperia X Compact,Android,460000,user_device
xperia x performance,Sony Xperia X Performance,Android,400000,user_device
xperia xa,Sony Xperia XA,Android,630000,user_device
xperia xa ultra,Sony Xperia XA Ultra,Android,510000,user_device
xperia xa1,Sony Xperia XA1,Android,740000,user_device
xperia xa1 ultra,Sony Xperia XA1 Ultra,Android,840000,user_device
xperia xz,Sony Xperia XZ,Android,1000000,user_device
xperia xz premium,Sony Xperia XZ Premium,Android,660000,user_device
xperia xz1,Sony Xperia XZ1,Android,1100000,user_device
xperia xz3,Sony Xperia XZ3,Android,820000,user_device
xperia z,Sony Xperia Z,Android,200000,user_device
xperia z ultra,Sony Xperia Z Ultra,Android,52000,user_device
xperia z1,Sony Xperia Z1,Android,230000,user_device
xperia z1 compact,Sony Xperia Z1 Compact,Android,72000,user_device
xperia z1 f,Sony Xperia Z1 f,Android,6100,user_device
xperia z1s,Sony Xperia Z1s,Android,10000,user_device
xperia z2,Sony Xperia Z2,Android,400000,user_device
xperia z2 tablet,Sony Xperia Z2 Tablet,Android,110000,user_device
xperia z2a,Sony Xperia Z2a,Android,1400,user_device
xperia z3,Sony Xperia Z3,Android,420000,user_device
xperia z3 compact,Sony Xperia Z3 Compact,Android,150000,user_device
xperia z3 dual,Sony Xperia Z3 Dual,Android,1600,user_device
xperia z3+,Sony Xperia Z3+,Android,81000,user_device
xperia z3v,Sony Xperia Z3v,Android,9200,user_device
xperia z5,Sony Xperia Z5,Android,570000,user_device
xperia z5 compact,Sony Xperia Z5 Compact,Android,290000,user_device
xperia z5 premium,Sony Xperia Z5 Premium,Android,220000,user_device
y11,Vivo Y11,Android,20000000,user_device
y12,Vivo Y12,Android,18000000,user_device
y12i,Vivo Y12i,Android,1900000,user_device
y15,Vivo Y15,Android,13000000,user_device
y17,Vivo Y17,Android,4300000,user_device
y19,Vivo Y19,Android,4000000,user_device
y2,Tecno Y2,Android,1500000,user_device
y20 series,Vivo Y20 Series,Android,3700000,user_device
y21,Vivo Y21,Android,720000,user_device
y21l,Vivo Y21L,Android,1500000,user_device
y3 (2017),Huawei Y3 (2017),Android,3500000,user_device
y3 (2018),Huawei Y3 (2018),Android,1200000,user_device
y3 ii,Huawei Y3 II,Android,3100000,user_device
y30,Vivo Y30,Android,2900000,user_device
y360,Huawei Y360,Android,340000,user_device
y5,Huawei Y5,Android,2100000,user_device
y5 (2018),Huawei Y5 (2018),Android,7200000,user_device
y5 (2019),Huawei Y5 (2019),Android,4000000,user_device
y5 2017,Huawei Y5 2017,Android,3800000,user_device
y5 ii,Huawei Y5 II,Android,3000000,user_device
y5 lite (2018),Huawei Y5 Lite (2018),Android,4600000,user_device
y5 prime (2018),Huawei Y5 Prime (2018),Android,3000000,user_device
y5 pro,Huawei Y5 Pro,Android,560000,user_device
y50,Vivo Y50,Android,2500000,user_device
y51,Vivo Y51,Android,750000,user_device
y51l,Vivo Y51L,Android,1400000,user_device
y53,Vivo Y53,Android,11000000,user_device
y55l,Vivo Y55L,Android,1700000,user_device
y55s,Vivo Y55S,Android,3900000,user_device
y5p,Huawei Y5P,Android,1100000,user_device
y6,Huawei Y6,Android,1200000,user_device
y6 (2017),Huawei Y6 (2017),Android,560000,user_device
y6 (2018),Huawei Y6 (2018),Android,5900000,user_device
y6 2019,Huawei Y6 2019,Android,8800000,user_device
y6 ii,Huawei Y6 II,Android,4800000,user_device
y6 prime (2018),Huawei Y6 Prime (2018),Android,2100000,user_device
y6 prime 2019,Huawei Y6 Prime 2019,Android,4100000,user_device
y6 pro,Huawei Y6 Pro,Android,1000000,user_device
y6 pro (2017),Huawei Y6 Pro (2017),Android,880000,user_device
y6 pro 2019,Huawei Y6 Pro 2019,Android,2400000,user_device
y66,Vivo Y66,Android,1600000,user_device
y69,Vivo Y69,Android,2500000,user_device
y6p,Huawei Y6p,Android,3100000,user_device
y7,Huawei Y7,Android,1500000,user_device
y7 (2018),Huawei Y7 (2018),Android,3200000,user_device
y7 2019,Huawei Y7 2019,Android,4300000,user_device
y7 prime,Huawei Y7 Prime,Android,1400000,user_device
y7 prime (2018),Huawei Y7 Prime (2018),Android,7100000,user_device
y7 prime 2019,Huawei Y7 Prime 2019,Android,9300000,user_device
y7 pro 2019,Huawei Y7 Pro 2019,Android,1800000,user_device
y71,Vivo Y71,Android,8100000,user_device
y7p,Huawei Y7p,Android,1600000,user_device
y81,Vivo Y81,Android,4400000,user_device
y81i,Vivo Y81i,Android,3600000,user_device
y83,Vivo Y83,Android,1500000,user_device
y85,Vivo Y85,Android,2000000,user_device
y9 (2018),Huawei Y9 (2018),Android,1700000,user_device
y9 (2019),Huawei Y9 (2019),Android,11000000,user_device
y9 prime (2019),Huawei Y9 Prime (2019),Android,15000000,user_device
y90,Vivo Y90,Android,2700000,user_device
y91,Vivo Y91,Android,7300000,user_device
y91c,Vivo Y91C,Android,22000000,user_device
y91i,Vivo Y91i,Android,5700000,user_device
y93,Vivo Y93,Android,5000000,user_device
y95,Vivo Y95,Android,3800000,user_device
z1 pro,Vivo Z1 Pro,Android,2200000,user_device
z10,Blackberry Z10,Android,130000,user_device
z60,Lava Z60,Android,660000,user_device
zenfone 2,Asus ZenFone 2,Android,59000,user_device
zenfone 2 deluxe,Asus ZenFone 2 Deluxe,Android,350000,user_device
zenfone 2 laser,Asus ZenFone 2 Laser,Android,780000,user_device
zenfone 3,Asus ZenFone 3,Android,1000000,user_device
zenfone 3 max,Asus ZenFone 3 Max,Android,1400000,user_device
zenfone 4,Asus ZenFone 4,Android,380000,user_device
zenfone 4 max,Asus ZenFone 4 Max,Android,1100000,user_device
zenfone 4 selfie,Asus ZenFone 4 Selfie,Android,780000,user_device
zenfone 5,Asus ZenFone 5,Android,1100000,user_device
zenfone 6,Asus ZenFone 6,Android,78000,user_device
zenfone c,Asus ZenFone C,Android,260000,user_device
zenfone go,Asus ZenFone Go,Android,1000000,user_device
zenfone go 4.5,Asus ZenFone Go 4.5,Android,520000,user_device
zenfone go tv,Asus ZenFone Go TV,Android,220000,user_device
zenfone laser 2,Asus ZenFone Laser 2,Android,1000,user_device
zenfone live,Asus ZenFone Live,Android,540000,user_device
zenfone live (l1),Asus ZenFone Live (L1),Android,1500000,user_device
zenfone max,Asus ZenFone Max,Android,610000,user_device
zenfone max m1,Asus ZenFone Max M1,Android,870000,user_device
zenfone max pro (m2),Asus Zenfone Max Pro (M2),Android,910000,user_device
zenfone max pro m1,Asus ZenFone Max Pro M1,Android,3600000,user_device
zenfone selfie,Asus ZenFone Selfie,Android,280000,user_device
zmax pro,Zte Zmax Pro,Android,370000,user_device
zone,Lg Zone,Android,150000,user_device
zte,Zte Devices,Android,19000000,user_device
